"mar_taxa_name","match","tonnes","Genus","Family","Order","Class","genus_count","family_count","order_count","class_count"
"marine fishes not identified",NA,702209772.8,NA,NA,NA,NA,NA,NA,NA,NA
"marine finfishes not identified",NA,76870363.33,NA,NA,NA,NA,NA,NA,NA,NA
"marine pelagic fishes not identified",NA,75549562.32,NA,NA,NA,NA,NA,NA,NA,NA
"miscellaneous marine crustaceans",NA,33879523.36,NA,NA,NA,NA,NA,NA,NA,NA
"miscellaneous aquatic invertebrates",NA,29195602.52,NA,NA,NA,NA,NA,NA,NA,NA
"placopecten magellanicus",NA,18460080.24,NA,NA,NA,NA,NA,NA,NA,NA
"elasmobranchii","class",17842843.91,NA,NA,NA,NA,NA,NA,NA,NA
"dendrobranchiata",NA,11950793.11,NA,NA,NA,NA,NA,NA,NA,NA
"netuma thalassina","species",7320677.163,"netuma","ariidae","siluriformes","actinopterygii",NA,7,9,896
"batoidea",NA,5699085.524,NA,NA,NA,NA,NA,NA,NA,NA
"laemonema longipes","species",4861062.76,"laemonema","moridae","gadiformes","actinopterygii",NA,4,49,896
"brachyura",NA,3697637.176,NA,NA,NA,NA,NA,NA,NA,NA
"lycodes","genus",3385938.781,NA,NA,NA,NA,NA,NA,NA,NA
"caesionidae","family",2767778.777,NA,NA,NA,NA,NA,NA,NA,NA
"pseudopleuronectes herzensteini","species",2643381.698,"pseudopleuronectes","pleuronectidae","pleuronectiformes","actinopterygii",NA,22,46,896
"apogonidae","family",1812867.131,NA,NA,NA,NA,NA,NA,NA,NA
"marine groundfishes not identified",NA,1615723.842,NA,NA,NA,NA,NA,NA,NA,NA
"metacarcinus magister",NA,1432507.548,NA,NA,NA,NA,NA,NA,NA,NA
"ethmidium maculatum","species",1410168.356,"ethmidium","clupeidae","clupeiformes","actinopterygii",NA,38,66,896
"pseudopleuronectes americanus","species",1149930.438,"pseudopleuronectes","pleuronectidae","pleuronectiformes","actinopterygii",NA,22,46,896
"farfantepenaeus aztecus",NA,1148242.525,NA,NA,NA,NA,NA,NA,NA,NA
"farfantepenaeus californiensis",NA,1142259.404,NA,NA,NA,NA,NA,NA,NA,NA
"oreosomatidae","family",1121417.919,NA,NA,NA,NA,NA,NA,NA,NA
"zygochlamys patagonica",NA,1036099.608,NA,NA,NA,NA,NA,NA,NA,NA
"argopecten purpuratus",NA,993160.7758,NA,NA,NA,NA,NA,NA,NA,NA
"ruvettus pretiosus","species",860360.427,"ruvettus","gempylidae","perciformes","actinopterygii",NA,3,548,896
"alopias superciliosus","species",833407.1045,"alopias","alopiidae","lamniformes","elasmobranchii",NA,NA,4,79
"cymbium",NA,790406.0206,NA,NA,NA,NA,NA,NA,NA,NA
"stomolophus",NA,711647.5629,NA,NA,NA,NA,NA,NA,NA,NA
"farfantepenaeus notialis",NA,711545.7578,NA,NA,NA,NA,NA,NA,NA,NA
"aequipecten opercularis",NA,705616.1586,NA,NA,NA,NA,NA,NA,NA,NA
"alopias","genus",689337.5332,NA,NA,NA,NA,NA,NA,NA,NA
"pteriomorphia",NA,679857.1135,NA,NA,NA,NA,NA,NA,NA,NA
"anodontostoma chacunda","species",679745.6606,"anodontostoma","clupeidae","clupeiformes","actinopterygii",NA,38,66,896
"rhinobatidae","family",677601.16,NA,NA,NA,NA,NA,NA,NA,NA
"pseudopentaceros wheeleri",NA,671331.3,NA,NA,NA,NA,NA,NA,NA,NA
"argopecten gibbus",NA,666217.9461,NA,NA,NA,NA,NA,NA,NA,NA
"eucinostomus","genus",626034.8352,NA,NA,NA,NA,NA,NA,NA,NA
"farfantepenaeus duorarum",NA,598306.2386,NA,NA,NA,NA,NA,NA,NA,NA
"kajikia audax","species",573297.2907,"kajikia","istiophoridae","perciformes","actinopterygii",NA,7,548,896
"macroramphosus scolopax","species",556695.9408,"macroramphosus","centriscidae","syngnathiformes","actinopterygii",NA,NA,2,896
"argopecten irradians",NA,555874.5216,NA,NA,NA,NA,NA,NA,NA,NA
"farfantepenaeus subtilis",NA,531049.8416,NA,NA,NA,NA,NA,NA,NA,NA
"sciaenops ocellatus","species",440333.2678,"sciaenops","sciaenidae","perciformes","actinopterygii",NA,57,548,896
"galeorhinus galeus","species",436724.4928,"galeorhinus","triakidae","carcharhiniformes","elasmobranchii",NA,6,32,79
"rhomboplites aurorubens","species",379918.4732,"rhomboplites","lutjanidae","perciformes","actinopterygii",NA,40,548,896
"cetorhinus maximus","species",356757.5216,"cetorhinus","cetorhinidae","lamniformes","elasmobranchii",NA,NA,4,79
"pteroscion peli","species",342477.9434,"pteroscion","sciaenidae","perciformes","actinopterygii",NA,57,548,896
"istiompax indica","species",323554.2758,"istiompax","istiophoridae","perciformes","actinopterygii",NA,7,548,896
"pterogymnus laniarius","species",294768.5561,"pterogymnus","sparidae","perciformes","actinopterygii",NA,42,548,896
"genyatremus luteus","species",286601.0436,"genyatremus","haemulidae","perciformes","actinopterygii",NA,27,548,896
"pentheroscion mbizi","species",281625.7339,"pentheroscion","sciaenidae","perciformes","actinopterygii",NA,57,548,896
"anchoviella","genus",266944.0357,NA,NA,NA,NA,NA,NA,NA,NA
"farfantepenaeus brevirostris",NA,251799.3615,NA,NA,NA,NA,NA,NA,NA,NA
"farfantepenaeus brasiliensis",NA,250210.8774,NA,NA,NA,NA,NA,NA,NA,NA
"diogenidae",NA,249060.9318,NA,NA,NA,NA,NA,NA,NA,NA
"alopias vulpinus","species",231087.8837,"alopias","alopiidae","lamniformes","elasmobranchii",NA,NA,4,79
"asterias rubens",NA,206464.2578,NA,NA,NA,NA,NA,NA,NA,NA
"isacia conceptionis","species",205890.4798,"isacia","haemulidae","perciformes","actinopterygii",NA,27,548,896
"chaceon maritae",NA,196074.1798,NA,NA,NA,NA,NA,NA,NA,NA
"lamnidae","family",189307.9142,NA,NA,NA,NA,NA,NA,NA,NA
"lampanyctodes hectoris","species",188839.7,"lampanyctodes","myctophidae","myctophiformes","actinopterygii",NA,4,4,896
"aetobatus narinari","species",172308.6617,"aetobatus","aetobatidae","myliobatiformes","elasmobranchii",NA,NA,4,79
"cyclopsetta querna","species",163834.0448,"cyclopsetta","paralichthyidae","pleuronectiformes","actinopterygii",NA,5,46,896
"farfantepenaeus paulensis",NA,154921.7387,NA,NA,NA,NA,NA,NA,NA,NA
"aspistor quadriscutis","species",152661.1321,"aspistor","ariidae","siluriformes","actinopterygii",NA,7,9,896
"asterozoa",NA,149808.9187,NA,NA,NA,NA,NA,NA,NA,NA
"rhynchobatus djiddensis","species",148528.4093,"rhynchobatus","rhinidae","rhinopristiformes","elasmobranchii",NA,NA,NA,79
"batrachoididae","family",148217.1709,NA,NA,NA,NA,NA,NA,NA,NA
"tautoga onitis","species",135341.9548,"tautoga","labridae","perciformes","actinopterygii",NA,12,548,896
"acanthocardia tuberculata",NA,130683.4998,NA,NA,NA,NA,NA,NA,NA,NA
"kathetostoma giganteum","species",123969.4407,"kathetostoma","uranoscopidae","perciformes","actinopterygii",NA,1,548,896
"sphyrnidae","family",123397.2742,NA,NA,NA,NA,NA,NA,NA,NA
"glycymeris glycymeris",NA,116520.8467,NA,NA,NA,NA,NA,NA,NA,NA
"tawera gayi",NA,111494.619,NA,NA,NA,NA,NA,NA,NA,NA
"miscellaneous diadromous fishes",NA,110811.5126,NA,NA,NA,NA,NA,NA,NA,NA
"diodontidae","family",104937.1224,NA,NA,NA,NA,NA,NA,NA,NA
"moolgarda seheli",NA,103181.7506,NA,NA,NA,NA,NA,NA,NA,NA
"harengula clupeola","species",95190.96014,"harengula","clupeidae","clupeiformes","actinopterygii",NA,38,66,896
"ginglymostoma cirratum","species",89188.55294,"ginglymostoma","ginglymostomatidae","orectolobiformes","elasmobranchii",NA,1,1,79
"paralomis granulosa",NA,88574.45238,NA,NA,NA,NA,NA,NA,NA,NA
"trichopsetta caribbaea","species",79964.87449,"trichopsetta","bothidae","pleuronectiformes","actinopterygii",NA,3,46,896
"epigonus telescopus","species",78596.76093,"epigonus","epigonidae","perciformes","actinopterygii",NA,NA,548,896
"gymnocranius","genus",76683.90672,NA,NA,NA,NA,NA,NA,NA,NA
"haliporoides triarthrus",NA,75267.5,NA,NA,NA,NA,NA,NA,NA,NA
"plesiopenaeus edwardsianus",NA,74867.26434,NA,NA,NA,NA,NA,NA,NA,NA
"kajikia albida","species",71118.6736,"kajikia","istiophoridae","perciformes","actinopterygii",NA,7,548,896
"martialia hyadesi",NA,70259.46766,NA,NA,NA,NA,NA,NA,NA,NA
"caulolatilus princeps","species",69072.28309,"caulolatilus","malacanthidae","perciformes","actinopterygii",NA,1,548,896
"totoaba macdonaldi","species",66993.51671,"totoaba","sciaenidae","perciformes","actinopterygii",NA,57,548,896
"squatinidae","family",66683.46229,NA,NA,NA,NA,NA,NA,NA,NA
"siliqua patula",NA,65795.23213,NA,NA,NA,NA,NA,NA,NA,NA
"austroglossus microlepis","species",63346.93788,"austroglossus","soleidae","pleuronectiformes","actinopterygii",NA,3,46,896
"chrysoblephus","genus",61142.4,NA,NA,NA,NA,NA,NA,NA,NA
"harengula","genus",60221.32405,NA,NA,NA,NA,NA,NA,NA,NA
"microchirus","genus",55154.65777,NA,NA,NA,NA,NA,NA,NA,NA
"chaceon notialis",NA,53005.32999,NA,NA,NA,NA,NA,NA,NA,NA
"zearaja chilensis","species",51972.04882,"zearaja","rajidae","rajiformes","elasmobranchii",NA,17,24,79
"mulinia",NA,50872.3619,NA,NA,NA,NA,NA,NA,NA,NA
"naucrates ductor","species",50767.40609,"naucrates","carangidae","perciformes","actinopterygii",NA,64,548,896
"chaetodipterus faber","species",44250.64163,"chaetodipterus","ephippidae","perciformes","actinopterygii",NA,NA,548,896
"protrachypene precipua",NA,42619.50038,NA,NA,NA,NA,NA,NA,NA,NA
"petromyzon marinus","species",41700.75773,"petromyzon","petromyzontidae","petromyzontiformes","cephalaspidomorphi",NA,NA,NA,NA
"argopecten ventricosus",NA,39957.25,NA,NA,NA,NA,NA,NA,NA,NA
"dorosoma cepedianum","species",39222.32598,"dorosoma","clupeidae","clupeiformes","actinopterygii",NA,38,66,896
"sphoeroides maculatus","species",38860.0016,"sphoeroides","tetraodontidae","tetraodontiformes","actinopterygii",NA,2,10,896
"joturus pichardi","species",38544.371,"joturus","mugilidae","mugiliformes","actinopterygii",NA,6,6,896
"citharichthys sordidus","species",37704.43484,"citharichthys","paralichthyidae","pleuronectiformes","actinopterygii",NA,5,46,896
"enoplolambrus validus",NA,37637.27261,NA,NA,NA,NA,NA,NA,NA,NA
"lachnolaimus maximus","species",34884.63868,"lachnolaimus","labridae","perciformes","actinopterygii",NA,12,548,896
"choromytilus chorus",NA,33744.63333,NA,NA,NA,NA,NA,NA,NA,NA
"anomura",NA,33543.19056,NA,NA,NA,NA,NA,NA,NA,NA
"nematopalaemon schmitti",NA,33331.2859,NA,NA,NA,NA,NA,NA,NA,NA
"austroglossus pectoralis","species",33216,"austroglossus","soleidae","pleuronectiformes","actinopterygii",NA,3,46,896
"geryon",NA,30621.20234,NA,NA,NA,NA,NA,NA,NA,NA
"amphiarius phrygiatus","species",30526.55065,"amphiarius","ariidae","siluriformes","actinopterygii",NA,7,9,896
"torpedinidae","family",28117.69333,NA,NA,NA,NA,NA,NA,NA,NA
"centriscidae","family",27312.75553,NA,NA,NA,NA,NA,NA,NA,NA
"hexanchus griseus","species",26193.93657,"hexanchus","hexanchidae","hexanchiformes","elasmobranchii",NA,NA,NA,79
"holocentrus adscensionis","species",26096.64512,"holocentrus","holocentridae","beryciformes","actinopterygii",NA,9,13,896
"leukoma staminea",NA,25882.11918,NA,NA,NA,NA,NA,NA,NA,NA
"pseudochaenichthys georgianus","species",25400.12425,"pseudochaenichthys","channichthyidae","perciformes","actinopterygii",NA,3,548,896
"eucinostomus gracilis","species",25396.88541,"eucinostomus","gerreidae","perciformes","actinopterygii",NA,7,548,896
"orthopristis chrysoptera","species",25106.02793,"orthopristis","haemulidae","perciformes","actinopterygii",NA,27,548,896
"meuschenia scaber","species",24317.08633,"meuschenia","monacanthidae","tetraodontiformes","actinopterygii",NA,2,10,896
"callista chione",NA,23629.07743,NA,NA,NA,NA,NA,NA,NA,NA
"haliporoides diomedeae",NA,21631.41976,NA,NA,NA,NA,NA,NA,NA,NA
"austroglossus","genus",21386.77746,NA,NA,NA,NA,NA,NA,NA,NA
"mactromeris polynyma",NA,21045,NA,NA,NA,NA,NA,NA,NA,NA
"muraena helena","species",20748.55546,"muraena","muraenidae","anguilliformes","actinopterygii",NA,3,11,896
"tautogolabrus adspersus","species",20414.5228,"tautogolabrus","labridae","perciformes","actinopterygii",NA,12,548,896
"haliporoides sibogae",NA,19876.53152,NA,NA,NA,NA,NA,NA,NA,NA
"argyrozona argyrozona","species",19753,"argyrozona","sparidae","perciformes","actinopterygii",NA,42,548,896
"gymnosarda unicolor","species",19677.65282,"gymnosarda","scombridae","perciformes","actinopterygii",NA,37,548,896
"zidona dufresnei",NA,19281.83463,NA,NA,NA,NA,NA,NA,NA,NA
"hyporthodus flavolimbatus","species",19195.92416,"hyporthodus","serranidae","perciformes","actinopterygii",NA,57,548,896
"hyporthodus nigritus","species",17061.32983,"hyporthodus","serranidae","perciformes","actinopterygii",NA,57,548,896
"chaetodipterus zonatus","species",16559.74979,"chaetodipterus","ephippidae","perciformes","actinopterygii",NA,NA,548,896
"albulidae","family",16551.81495,NA,NA,NA,NA,NA,NA,NA,NA
"hyporthodus niveatus","species",16072.13249,"hyporthodus","serranidae","perciformes","actinopterygii",NA,57,548,896
"plagiogeneion rubiginosum","species",15369.32901,"plagiogeneion","emmelichthyidae","perciformes","actinopterygii",NA,1,548,896
"negaprion brevirostris","species",15044.79414,"negaprion","carcharhinidae","carcharhiniformes","elasmobranchii",NA,19,32,79
"psettichthys melanostictus","species",14252.19675,"psettichthys","pleuronectidae","pleuronectiformes","actinopterygii",NA,22,46,896
"goneplax rhomboides",NA,13798.72252,NA,NA,NA,NA,NA,NA,NA,NA
"pseudocyttus maculatus","species",13648.07141,"pseudocyttus","oreosomatidae","zeiformes","actinopterygii",NA,NA,5,896
"sagmariasus verreauxi",NA,13362.91984,NA,NA,NA,NA,NA,NA,NA,NA
"somniosus microcephalus","species",13188.54594,"somniosus","somniosidae","squaliformes","elasmobranchii",NA,2,12,79
"harengula jaguana","species",12746.05284,"harengula","clupeidae","clupeiformes","actinopterygii",NA,38,66,896
"leptoscarus vaigiensis","species",12634.06872,"leptoscarus","scaridae","perciformes","actinopterygii",NA,14,548,896
"neocyttus rhomboidalis","species",12368.94487,"neocyttus","oreosomatidae","zeiformes","actinopterygii",NA,NA,5,896
"bollmannia chlamydes","species",12172.70999,"bollmannia","gobiidae","perciformes","actinopterygii",NA,2,548,896
"hipposcarus longiceps","species",11713.13333,"hipposcarus","scaridae","perciformes","actinopterygii",NA,14,548,896
"eucinostomus argenteus","species",11511.54967,"eucinostomus","gerreidae","perciformes","actinopterygii",NA,7,548,896
"scorpaenichthys marmoratus","species",11338.04628,"scorpaenichthys","cottidae","scorpaeniformes","actinopterygii",NA,1,41,896
"carcharodon carcharias","species",11012.2619,"carcharodon","lamnidae","lamniformes","elasmobranchii",NA,3,4,79
"petromyzontidae","family",10653.96136,NA,NA,NA,NA,NA,NA,NA,NA
"zenarchopterus dispar","species",10650.713,"zenarchopterus","zenarchopteridae","beloniformes","actinopterygii",NA,NA,8,896
"hyporthodus mystacinus","species",10222.6203,"hyporthodus","serranidae","perciformes","actinopterygii",NA,57,548,896
"bairdiella ronchus","species",9746.043053,"bairdiella","sciaenidae","perciformes","actinopterygii",NA,57,548,896
"pempheridae","family",9694.676845,NA,NA,NA,NA,NA,NA,NA,NA
"diodon","genus",9595.573601,NA,NA,NA,NA,NA,NA,NA,NA
"echidna nebulosa","species",9039.074366,"echidna","muraenidae","anguilliformes","actinopterygii",NA,3,11,896
"microgadus tomcod","species",8776.586774,"microgadus","gadidae","gadiformes","actinopterygii",NA,14,49,896
"ctenosciaena gracilicirrhus","species",8141.43476,"ctenosciaena","sciaenidae","perciformes","actinopterygii",NA,57,548,896
"schedophilus pemarco","species",7895.877864,"schedophilus","centrolophidae","perciformes","actinopterygii",NA,6,548,896
"rhincodon typus","species",7780.285501,"rhincodon","rhincodontidae","orectolobiformes","elasmobranchii",NA,NA,1,79
"clinocardium nuttallii",NA,7460.913158,NA,NA,NA,NA,NA,NA,NA,NA
"inermiidae",NA,7151.768449,NA,NA,NA,NA,NA,NA,NA,NA
"centrolophus niger","species",7136.688692,"centrolophus","centrolophidae","perciformes","actinopterygii",NA,6,548,896
"lepidocybium flavobrunneum","species",7071.442317,"lepidocybium","gempylidae","perciformes","actinopterygii",NA,3,548,896
"halargyreus johnsonii","species",6514.841091,"halargyreus","moridae","gadiformes","actinopterygii",NA,4,49,896
"campogramma glaycos","species",6309.792352,"campogramma","carangidae","perciformes","actinopterygii",NA,64,548,896
"cheilopogon unicolor","species",5555.273351,"cheilopogon","exocoetidae","beloniformes","actinopterygii",NA,NA,8,896
"pterygotrigla polyommata","species",5273.606684,"pterygotrigla","triglidae","scorpaeniformes","actinopterygii",NA,9,41,896
"engyophrys sanctilaurentii","species",5223.570974,"engyophrys","bothidae","pleuronectiformes","actinopterygii",NA,3,46,896
"pronotogrammus eos","species",5223.570974,"pronotogrammus","serranidae","perciformes","actinopterygii",NA,57,548,896
"echeneidae","family",5134.194788,NA,NA,NA,NA,NA,NA,NA,NA
"echinozoa",NA,5094.473025,NA,NA,NA,NA,NA,NA,NA,NA
"tellinidae",NA,5085.814245,NA,NA,NA,NA,NA,NA,NA,NA
"hippopus hippopus",NA,5032.325154,NA,NA,NA,NA,NA,NA,NA,NA
"nezumia aequalis","species",4974.205985,"nezumia","macrouridae","gadiformes","actinopterygii",NA,7,49,896
"pristidae","family",4797.214376,NA,NA,NA,NA,NA,NA,NA,NA
"pseudopentaceros richardsoni",NA,4544.17474,NA,NA,NA,NA,NA,NA,NA,NA
"neritidae",NA,4154.641315,NA,NA,NA,NA,NA,NA,NA,NA
"terebridae",NA,4021.87719,NA,NA,NA,NA,NA,NA,NA,NA
"bolbometopon muricatum","species",3793.508868,"bolbometopon","scaridae","perciformes","actinopterygii",NA,14,548,896
"bairdiella chrysoura","species",3598.559237,"bairdiella","sciaenidae","perciformes","actinopterygii",NA,57,548,896
"asaphis violascens",NA,3462.576494,NA,NA,NA,NA,NA,NA,NA,NA
"bathygobius soporator","species",3456.278159,"bathygobius","gobiidae","perciformes","actinopterygii",NA,2,548,896
"chaceon affinis",NA,3429.718347,NA,NA,NA,NA,NA,NA,NA,NA
"benthodesmus","genus",3353.621289,NA,NA,NA,NA,NA,NA,NA,NA
"hoplopagrus guentherii","species",3105.6335,"hoplopagrus","lutjanidae","perciformes","actinopterygii",NA,40,548,896
"herklotsichthys quadrimaculatus","species",3102.644724,"herklotsichthys","clupeidae","clupeiformes","actinopterygii",NA,38,66,896
"hippocampus","genus",2893.812731,NA,NA,NA,NA,NA,NA,NA,NA
"epigonus","genus",2829.611188,NA,NA,NA,NA,NA,NA,NA,NA
"vimba","genus",2773.677104,NA,NA,NA,NA,NA,NA,NA,NA
"rostroraja alba","species",2508.681578,"rostroraja","rajidae","rajiformes","elasmobranchii",NA,17,24,79
"alepisaurus ferox","species",2479.794051,"alepisaurus","alepisauridae","aulopiformes","actinopterygii",NA,NA,6,896
"liocarcinus depurator",NA,2384.348434,NA,NA,NA,NA,NA,NA,NA,NA
"notorynchus cepedianus","species",2272.760636,"notorynchus","hexanchidae","hexanchiformes","elasmobranchii",NA,NA,NA,79
"oxynotus centrina","species",2235.327984,"oxynotus","oxynotidae","squaliformes","elasmobranchii",NA,NA,12,79
"zearaja nasuta","species",2149.525,"zearaja","rajidae","rajiformes","elasmobranchii",NA,17,24,79
"pterygotrigla","genus",2029.157766,NA,NA,NA,NA,NA,NA,NA,NA
"dorosoma","genus",1821.851556,NA,NA,NA,NA,NA,NA,NA,NA
"gymnocephalus cernua","species",1791.635396,"gymnocephalus","percidae","perciformes","actinopterygii",NA,2,548,896
"dosinia",NA,1678.307129,NA,NA,NA,NA,NA,NA,NA,NA
"holocentrus rufus","species",1619.78637,"holocentrus","holocentridae","beryciformes","actinopterygii",NA,9,13,896
"uraspis secunda","species",1600.247483,"uraspis","carangidae","perciformes","actinopterygii",NA,64,548,896
"lunarca ovalis",NA,1555.740529,NA,NA,NA,NA,NA,NA,NA,NA
"scomberesocidae","family",1514.75,NA,NA,NA,NA,NA,NA,NA,NA
"cheimerius nufar","species",1500,"cheimerius","sparidae","perciformes","actinopterygii",NA,42,548,896
"microchirus variegatus","species",1395.657679,"microchirus","soleidae","pleuronectiformes","actinopterygii",NA,3,46,896
"microgadus proximus","species",1382.992803,"microgadus","gadidae","gadiformes","actinopterygii",NA,14,49,896
"cantherhines","genus",1381.145956,NA,NA,NA,NA,NA,NA,NA,NA
"trigloporus lastoviza",NA,1363.851308,NA,NA,NA,NA,NA,NA,NA,NA
"cephaloscyllium isabellum","species",1321.705808,"cephaloscyllium","scyliorhinidae","carcharhiniformes","elasmobranchii",NA,3,32,79
"pollicipes pollicipes",NA,1240.500641,NA,NA,NA,NA,NA,NA,NA,NA
"chione stutchburyi",NA,1206.366072,NA,NA,NA,NA,NA,NA,NA,NA
"aethaloperca rogaa","species",1152.441201,"aethaloperca","serranidae","perciformes","actinopterygii",NA,57,548,896
"gnathodentex aureolineatus","species",1127.716897,"gnathodentex","lethrinidae","perciformes","actinopterygii",NA,15,548,896
"parribacus caledonicus",NA,1118.734795,NA,NA,NA,NA,NA,NA,NA,NA
"gymnocranius grandoculis","species",1108.623441,"gymnocranius","lethrinidae","perciformes","actinopterygii",NA,15,548,896
"rioraja agassizii","species",1096,"rioraja","arhynchobatidae","rajiformes","elasmobranchii",NA,7,24,79
"promethichthys prometheus","species",1064.845432,"promethichthys","gempylidae","perciformes","actinopterygii",NA,3,548,896
"schedophilus ovalis","species",1013.28046,"schedophilus","centrolophidae","perciformes","actinopterygii",NA,6,548,896
"scymnodon ringens","species",985.9683412,"scymnodon","somniosidae","squaliformes","elasmobranchii",NA,2,12,79
"zebrasoma flavescens","species",952.225595,"zebrasoma","acanthuridae","perciformes","actinopterygii",NA,17,548,896
"sympterygia bonapartii","species",930,"sympterygia","arhynchobatidae","rajiformes","elasmobranchii",NA,7,24,79
"caulolatilus chrysops","species",923.2192548,"caulolatilus","malacanthidae","perciformes","actinopterygii",NA,1,548,896
"paralomis spinosissima",NA,910.0787348,NA,NA,NA,NA,NA,NA,NA,NA
"pterothrissus belloci",NA,856,NA,NA,NA,NA,NA,NA,NA,NA
"myliobatis aquila","species",844.5185051,"myliobatis","myliobatidae","myliobatiformes","elasmobranchii",NA,1,4,79
"paranthias furcifer","species",783.6814352,"paranthias","serranidae","perciformes","actinopterygii",NA,57,548,896
"chionodraco rastrospinosus","species",773.826525,"chionodraco","channichthyidae","perciformes","actinopterygii",NA,3,548,896
"pentaceros decacanthus","species",754.5518763,"pentaceros","pentacerotidae","perciformes","actinopterygii",NA,NA,548,896
"sclerocrangon",NA,739.7,NA,NA,NA,NA,NA,NA,NA,NA
"sphoeroides","genus",703.4274868,NA,NA,NA,NA,NA,NA,NA,NA
"taractichthys steindachneri","species",652.6089948,"taractichthys","bramidae","perciformes","actinopterygii",NA,2,548,896
"parapsettus panamensis","species",618.8889504,"parapsettus","ephippidae","perciformes","actinopterygii",NA,NA,548,896
"centriscops humerosus","species",538.6198983,"centriscops","centriscidae","syngnathiformes","actinopterygii",NA,NA,2,896
"paristiopterus labiosus","species",532.8462891,"paristiopterus","pentacerotidae","perciformes","actinopterygii",NA,NA,548,896
"atlantoraja cyclophora","species",484.3612526,"atlantoraja","arhynchobatidae","rajiformes","elasmobranchii",NA,7,24,79
"rhombosolea","genus",463.0632761,NA,NA,NA,NA,NA,NA,NA,NA
"odontognathus mucronatus","species",424.8014493,"odontognathus","pristigasteridae","clupeiformes","actinopterygii",NA,4,66,896
"paracirrhites hemistictus","species",346.1166341,"paracirrhites","cirrhitidae","perciformes","actinopterygii",NA,1,548,896
"aplodactylus punctatus","species",326.447619,"aplodactylus","aplodactylidae","perciformes","actinopterygii",NA,NA,548,896
"allocyttus niger","species",300.780875,"allocyttus","oreosomatidae","zeiformes","actinopterygii",NA,NA,5,896
"capromimus abbreviatus","species",282.7761806,"capromimus","zeniontidae","zeiformes","actinopterygii",NA,NA,5,896
"upogebia pugettensis",NA,271.8453826,NA,NA,NA,NA,NA,NA,NA,NA
"regalecus glesne","species",244.6754276,"regalecus","regalecidae","lampriformes","actinopterygii",NA,NA,1,896
"enchelyopus cimbrius","species",243.5616988,"enchelyopus","lotidae","gadiformes","actinopterygii",NA,6,49,896
"diodon hystrix","species",186.0288566,"diodon","diodontidae","tetraodontiformes","actinopterygii",NA,NA,10,896
"torpedo","genus",171.7263787,NA,NA,NA,NA,NA,NA,NA,NA
"tripterophycis gilchristi","species",168.6657902,"tripterophycis","moridae","gadiformes","actinopterygii",NA,4,49,896
"nototheniops larseni","species",162.5830345,"nototheniops","nototheniidae","perciformes","actinopterygii",NA,11,548,896
"heptranchias perlo","species",157.8528649,"heptranchias","hexanchidae","hexanchiformes","elasmobranchii",NA,NA,NA,79
"notopogon lilliei","species",145.7795888,"notopogon","centriscidae","syngnathiformes","actinopterygii",NA,NA,2,896
"paratrachichthys trailli","species",142.9202291,"paratrachichthys","trachichthyidae","beryciformes","actinopterygii",NA,1,13,896
"ciliata mustela","species",133.763301,"ciliata","lotidae","gadiformes","actinopterygii",NA,6,49,896
"diastobranchus capensis","species",119.5717036,"diastobranchus","synaphobranchidae","anguilliformes","actinopterygii",NA,NA,11,896
"harengula humeralis","species",118.8723845,"harengula","clupeidae","clupeiformes","actinopterygii",NA,38,66,896
"echinorhinus brucus","species",117.6972658,"echinorhinus","echinorhinidae","squaliformes","elasmobranchii",NA,NA,12,79
"cittarium pica",NA,108.5072723,NA,NA,NA,NA,NA,NA,NA,NA
"atlantoraja castelnaui","species",106,"atlantoraja","arhynchobatidae","rajiformes","elasmobranchii",NA,7,24,79
"lepidoperca pulchella","species",96.67646507,"lepidoperca","serranidae","perciformes","actinopterygii",NA,57,548,896
"sympterygia acuta","species",93.25,"sympterygia","arhynchobatidae","rajiformes","elasmobranchii",NA,7,24,79
"cirrhitidae","family",81.79146532,NA,NA,NA,NA,NA,NA,NA,NA
"paralomis formosa",NA,80.455487,NA,NA,NA,NA,NA,NA,NA,NA
"monodactylus argenteus","species",68.69852919,"monodactylus","monodactylidae","perciformes","actinopterygii",NA,NA,548,896
"paralomis",NA,68.41169187,NA,NA,NA,NA,NA,NA,NA,NA
"cymatoceps nasutus","species",55,"cymatoceps","sparidae","perciformes","actinopterygii",NA,42,548,896
"ellochelon vaigiensis","species",52.36133392,"ellochelon","mugilidae","mugiliformes","actinopterygii",NA,6,6,896
"trachyrincus scabrus","species",44.17082069,"trachyrincus","macrouridae","gadiformes","actinopterygii",NA,7,49,896
"anthias anthias","species",43.24101857,"anthias","serranidae","perciformes","actinopterygii",NA,57,548,896
"aulostomus chinensis","species",34.84197622,"aulostomus","aulostomidae","syngnathiformes","actinopterygii",NA,NA,2,896
"uraspis helvola","species",26.82312425,"uraspis","carangidae","perciformes","actinopterygii",NA,64,548,896
"somniosus pacificus","species",22.41925,"somniosus","somniosidae","squaliformes","elasmobranchii",NA,2,12,79
"aulostomidae","family",19.43998968,NA,NA,NA,NA,NA,NA,NA,NA
"trachyscorpia cristulata echinata","species",16.98282641,"trachyscorpia","sebastidae","scorpaeniformes","actinopterygii",NA,16,41,896
"wattsia mossambica","species",10.5056,"wattsia","lethrinidae","perciformes","actinopterygii",NA,15,548,896
"amblyraja hyperborea","species",10,"amblyraja","rajidae","rajiformes","elasmobranchii",NA,17,24,79
"paracaesio kusakarii","species",5.806508775,"paracaesio","lutjanidae","perciformes","actinopterygii",NA,40,548,896
"amblyraja georgiana","species",3.971235994,"amblyraja","rajidae","rajiformes","elasmobranchii",NA,17,24,79
"paracaesio stonei","species",3.055421051,"paracaesio","lutjanidae","perciformes","actinopterygii",NA,40,548,896
"oxynotus paradoxus","species",3.054074535,"oxynotus","oxynotidae","squaliformes","elasmobranchii",NA,NA,12,79
"conidae",NA,2.316037764,NA,NA,NA,NA,NA,NA,NA,NA
"rhinochimaera atlantica","species",2.25,"rhinochimaera","rhinochimaeridae","chimaeriformes","holocephali",NA,NA,6,6
"paracirrhites forsteri","species",2.24775037,"paracirrhites","cirrhitidae","perciformes","actinopterygii",NA,1,548,896
"muraenolepis","genus",1.492904523,NA,NA,NA,NA,NA,NA,NA,NA
"novaculichthys taeniourus","species",0.692360515,"novaculichthys","labridae","perciformes","actinopterygii",NA,12,548,896
"sphoeroides marmoratus","species",0.666906722,"sphoeroides","tetraodontidae","tetraodontiformes","actinopterygii",NA,2,10,896
"cheilio inermis","species",0.605635074,"cheilio","labridae","perciformes","actinopterygii",NA,12,548,896
"symphorichthys spilurus","species",0.429268274,"symphorichthys","lutjanidae","perciformes","actinopterygii",NA,40,548,896
"anomalops katoptron","species",0.318855931,"anomalops","anomalopidae","beryciformes","actinopterygii",NA,NA,13,896
"muraenolepis microps","species",0.296598238,"muraenolepis","muraenolepididae","gadiformes","actinopterygii",NA,NA,49,896
"chitonidae",NA,0.23020049,NA,NA,NA,NA,NA,NA,NA,NA
"bellator militaris","species",0.19479,"bellator","triglidae","scorpaeniformes","actinopterygii",NA,9,41,896
"cypraeidae",NA,0.191161011,NA,NA,NA,NA,NA,NA,NA,NA
"paracaesio xanthura","species",0.1163,"paracaesio","lutjanidae","perciformes","actinopterygii",NA,40,548,896
"hexabranchus sanguineus",NA,0.077541579,NA,NA,NA,NA,NA,NA,NA,NA
"zanclorhynchus spinifer","species",0.051006,"zanclorhynchus","congiopodidae","scorpaeniformes","actinopterygii",NA,NA,41,896
"archaeogastropoda",NA,0.017268439,NA,NA,NA,NA,NA,NA,NA,NA
"daldorfia horrida",NA,0.007039826,NA,NA,NA,NA,NA,NA,NA,NA
"paralomis aculeata",NA,0.00667,NA,NA,NA,NA,NA,NA,NA,NA
"tectus pyramis",NA,0.003651458,NA,NA,NA,NA,NA,NA,NA,NA
"neopagetopsis ionah","species",0.001908,"neopagetopsis","channichthyidae","perciformes","actinopterygii",NA,3,548,896
"bathydraconidae","family",0.00109,NA,NA,NA,NA,NA,NA,NA,NA
"antennatus coccineus","species",0.000938946,"antennatus","antennariidae","lophiiformes","actinopterygii",NA,NA,6,896
"chionobathyscus dewitti","species",0.00061,"chionobathyscus","channichthyidae","perciformes","actinopterygii",NA,3,548,896
"corythoichthys intestinalis","species",0.000131543,"corythoichthys","syngnathidae","syngnathiformes","actinopterygii",NA,NA,2,896
